{
  "_fv": 33,
  "_type": "gui",
  "definition": {
    "type": 0,
    "width": 176,
    "height": 166,
    "inventoryOffsetX": 0,
    "inventoryOffsetY": 0,
    "renderBgLayer": true,
    "doesPauseGame": false,
    "components": [
      {
        "type": "label",
        "data": {
          "text": "Balance:",
          "color": {
            "value": -12829636,
            "falpha": 0.0
          },
          "name": "Balance:",
          "x": 139,
          "y": 76
        }
      },
      {
        "type": "label",
        "data": {
          "text": "<VAR:integer:PlayersMoney>",
          "color": {
            "value": -12829636,
            "falpha": 0.0
          },
          "name": "<VAR:integer:PlayersMoney>",
          "x": 183,
          "y": 76
        }
      },
      {
        "type": "button",
        "data": {
          "text": "Withdraw 1",
          "onClick": {
            "name": "Withdraw1"
          },
          "width": 67,
          "height": 20,
          "name": "Withdraw 1",
          "x": 137,
          "y": 131
        }
      },
      {
        "type": "button",
        "data": {
          "text": "Withdraw 10",
          "onClick": {
            "name": "Withdraw10"
          },
          "width": 82,
          "height": 20,
          "name": "Withdraw 10",
          "x": 213,
          "y": 131
        }
      }
    ],
    "gridSettings": {
      "sx": 18,
      "sy": 18,
      "ox": 11,
      "oy": 15,
      "snapOnGrid": false
    }
  }
}