{
  "_fv": 33,
  "_type": "overlay",
  "definition": {
    "priority": "NORMAL",
    "components": [
      {
        "type": "label",
        "data": {
          "text": "<VAR:integer:PlayersMoney>",
          "color": {
            "value": -16777216,
            "falpha": 0.0
          },
          "name": "<VAR:integer:PlayersMoney>",
          "x": 18,
          "y": 3
        }
      },
      {
        "type": "image",
        "data": {
          "image": "minimoney.png",
          "use1Xscale": false,
          "name": "minimoney.png",
          "x": 0,
          "y": -1
        }
      }
    ],
    "baseTexture": "",
    "overlayTarget": "Ingame",
    "gridSettings": {
      "sx": 18,
      "sy": 18,
      "ox": 11,
      "oy": 15,
      "snapOnGrid": false
    }
  }
}