{
  "_fv": 33,
  "_type": "villagertrade",
  "definition": {
    "tradeEntries": [
      {
        "villagerProfession": {
          "value": "ARMORER"
        },
        "entries": [
          {
            "price1": {
              "value": "Items.EMERALD"
            },
            "countPrice1": 1,
            "price2": {
              "value": ""
            },
            "countPrice2": 1,
            "offer": {
              "value": "CUSTOM:Dollar"
            },
            "countOffer": 20,
            "level": 1,
            "maxTrades": 10,
            "xp": 15,
            "priceMultiplier": 0.05
          },
          {
            "price1": {
              "value": "CUSTOM:Dollar"
            },
            "countPrice1": 30,
            "price2": {
              "value": ""
            },
            "countPrice2": 1,
            "offer": {
              "value": "Items.DIAMOND"
            },
            "countOffer": 1,
            "level": 2,
            "maxTrades": 10,
            "xp": 5,
            "priceMultiplier": 0.05
          },
          {
            "price1": {
              "value": "CUSTOM:Dollar"
            },
            "countPrice1": 40,
            "price2": {
              "value": ""
            },
            "countPrice2": 1,
            "offer": {
              "value": "Items.NETHERITE_INGOT"
            },
            "countOffer": 1,
            "level": 2,
            "maxTrades": 10,
            "xp": 5,
            "priceMultiplier": 0.05
          },
          {
            "price1": {
              "value": "CUSTOM:Dollar"
            },
            "countPrice1": 50,
            "price2": {
              "value": ""
            },
            "countPrice2": 1,
            "offer": {
              "value": "Items.DIAMOND_HELMET"
            },
            "countOffer": 1,
            "level": 3,
            "maxTrades": 10,
            "xp": 5,
            "priceMultiplier": 0.05
          },
          {
            "price1": {
              "value": "CUSTOM:Dollar"
            },
            "countPrice1": 64,
            "price2": {
              "value": ""
            },
            "countPrice2": 1,
            "offer": {
              "value": "Items.NETHERITE_HELMET"
            },
            "countOffer": 1,
            "level": 3,
            "maxTrades": 10,
            "xp": 5,
            "priceMultiplier": 0.05
          }
        ]
      }
    ]
  }
}