{
  "_fv": 33,
  "_type": "gui",
  "definition": {
    "type": 0,
    "width": 176,
    "height": 166,
    "inventoryOffsetX": 0,
    "inventoryOffsetY": 0,
    "renderBgLayer": true,
    "doesPauseGame": false,
    "components": [
      {
        "type": "button",
        "data": {
          "text": "VNN",
          "onClick": {
            "name": "VNNStocks"
          },
          "width": 40,
          "height": 20,
          "name": "VNN",
          "x": 150,
          "y": 94
        }
      },
      {
        "type": "button",
        "data": {
          "text": "PIG",
          "onClick": {
            "name": "PIGStocks"
          },
          "width": 40,
          "height": 20,
          "name": "PIG",
          "x": 150,
          "y": 158
        }
      },
      {
        "type": "button",
        "data": {
          "text": "BHT",
          "onClick": {
            "name": "BHTStocks"
          },
          "width": 40,
          "height": 20,
          "name": "BHT",
          "x": 232,
          "y": 94
        }
      },
      {
        "type": "button",
        "data": {
          "text": "EGG",
          "onClick": {
            "name": "EGGStocks"
          },
          "width": 40,
          "height": 20,
          "name": "EGG",
          "x": 232,
          "y": 158
        }
      }
    ],
    "gridSettings": {
      "sx": 18,
      "sy": 18,
      "ox": 11,
      "oy": 15,
      "snapOnGrid": false
    }
  }
}