{
  "_fv": 33,
  "_type": "gui",
  "definition": {
    "type": 0,
    "width": 176,
    "height": 166,
    "inventoryOffsetX": 0,
    "inventoryOffsetY": 0,
    "renderBgLayer": true,
    "doesPauseGame": false,
    "components": [
      {
        "type": "label",
        "data": {
          "text": "Villager News Network",
          "color": {
            "value": -12829636,
            "falpha": 0.0
          },
          "name": "Villager News Network",
          "x": 151,
          "y": 175
        }
      },
      {
        "type": "button",
        "data": {
          "text": "Invest",
          "onClick": {
            "name": "InvestVNN"
          },
          "width": 56,
          "height": 20,
          "name": "Invest",
          "x": 140,
          "y": 126
        }
      },
      {
        "type": "button",
        "data": {
          "text": "Withdraw",
          "onClick": {
            "name": "WithdrawVNN"
          },
          "width": 67,
          "height": 20,
          "name": "Withdraw",
          "x": 221,
          "y": 126
        }
      },
      {
        "type": "label",
        "data": {
          "text": "Current Value:",
          "color": {
            "value": -12829636,
            "falpha": 0.0
          },
          "name": "Current Value:",
          "x": 137,
          "y": 72
        }
      },
      {
        "type": "label",
        "data": {
          "text": "<VAR:integer:VNNStocks>",
          "color": {
            "value": -12829636,
            "falpha": 0.0
          },
          "name": "<VAR:integer:VNNStocks>",
          "x": 210,
          "y": 73
        }
      }
    ],
    "gridSettings": {
      "sx": 18,
      "sy": 18,
      "ox": 11,
      "oy": 15,
      "snapOnGrid": false
    }
  }
}